{"cameraMode":{"drawMode":0,"name":"Shaded","section":"Shading Mode"},"sceneLighting":true,"audioPlay":false,"sceneViewState":{"m_AlwaysRefresh":false,"showFog":true,"showSkybox":true,"showFlares":true,"showImageEffects":true,"showParticleSystems":true,"showVisualEffectGraphs":true,"m_FxEnabled":true},"in2DMode":false,"pivot":{"x":44.63045120239258,"y":-1.6353285312652588,"z":1.863595724105835},"rotation":{"x":0.3837396800518036,"y":-0.015235691331326962,"z":0.006331729702651501,"w":0.9232958555221558},"size":29.377798080444337,"orthographic":true}